url,reason
https://holonetgalacticmap-frontend.vercel.app/sparql,Insufficient content after cleaning
https://arxiv.org/pdf/2502.13025,Insufficient content after cleaning
https://www.sciencedirect.com/science/article/pii/S1532046422002064,Insufficient content after cleaning
https://www.future-fis.com/uploads/3/7/9/4/3794525/ffis_a_new_era_of_private_sector_collaboration_to_detect_economic_crime_-_policy_discussion_paper_-_march_2025_-_final.pdf,Insufficient content after cleaning
https://mahasldc.in/wp-content/reports/other/Report_on_Optimizing_Power_Despatch.pdf,Insufficient content after cleaning
https://www.ercot.com/content/cdr/html/real_time_system_conditions.html,Insufficient content after cleaning
https://www.nrdc.org/resources/uneconomic-coal-costs-miso-ratepayers-1-billion-and-curtails-400-mw-wind,Insufficient content after cleaning
https://holonetgalacticmap-frontend.vercel.app/sparql,Insufficient content after cleaning
https://arxiv.org/pdf/2502.13025,Insufficient content after cleaning
https://www.sciencedirect.com/science/article/pii/S1532046422002064,Insufficient content after cleaning
https://www.future-fis.com/uploads/3/7/9/4/3794525/ffis_a_new_era_of_private_sector_collaboration_to_detect_economic_crime_-_policy_discussion_paper_-_march_2025_-_final.pdf,Insufficient content after cleaning
https://mahasldc.in/wp-content/reports/other/Report_on_Optimizing_Power_Despatch.pdf,Insufficient content after cleaning
https://www.ercot.com/content/cdr/html/real_time_system_conditions.html,Insufficient content after cleaning
https://www.nrdc.org/resources/uneconomic-coal-costs-miso-ratepayers-1-billion-and-curtails-400-mw-wind,Insufficient content after cleaning
